REVIT FILE PATH,FILE PREVIEW,DESCRIPTION
U:\User Folders\Public\Owen Phipps\Detail Library in progress\drafting view files\walls\PTN-GWB-12-BOX-02.rvt,U:\User Folders\Public\Owen Phipps\Detail Library in progress\screenshots\walls\PTN-GWB-12-BOX-02_screenshot.png,recessed steel utility cabinet in wall
U:\User Folders\Public\Owen Phipps\Detail Library in progress\drafting view files\walls\PTN-GWB-12-GLAZ-STK-INTERSECT-02.rvt,U:\User Folders\Public\Owen Phipps\Detail Library in progress\screenshots\walls\PTN-GWB-12-GLAZ-STK-INTERSECT-02_screenshot.png,typical mullion connection to end wall in plan view. Glazing conection to end wall in plan view
U:\User Folders\Public\Owen Phipps\Detail Library in progress\drafting view files\walls\PTN-GWB-12-GLAZ-STK-INTERSECT-03.rvt,U:\User Folders\Public\Owen Phipps\Detail Library in progress\screenshots\walls\PTN-GWB-12-GLAZ-STK-INTERSECT-03_screenshot.png,typical mullion connection to end wall in plan view. Glazing conection to end wall in plan view
U:\User Folders\Public\Owen Phipps\Detail Library in progress\drafting view files\walls\PTN-SHF-03-FRAMING-SHAFT-EDGE.rvt,U:\User Folders\Public\Owen Phipps\Detail Library in progress\screenshots\walls\PTN-SHF-03-FRAMING-SHAFT-EDGE_screenshot.png,metal floor deck with concrete slab connection to steel beam and top of wall at slab end/opening facing parallel to metal deck ribs. Slab edge at elevator shaft opening
U:\User Folders\Public\Owen Phipps\Detail Library in progress\drafting view files\walls\PTN-SHF-11-HD-ALT-OPNG-SLAB.rvt,U:\User Folders\Public\Owen Phipps\Detail Library in progress\screenshots\walls\PTN-SHF-11-HD-ALT-OPNG-SLAB_screenshot.png,metal floor deck with concrete slab connection to top of wall at slab end/opening facing parallel to metal deck ribs
U:\User Folders\Public\Owen Phipps\Detail Library in progress\drafting view files\walls\PTN-SHF-11-HD-ALT-PARA.rvt,U:\User Folders\Public\Owen Phipps\Detail Library in progress\screenshots\walls\PTN-SHF-11-HD-ALT-PARA_screenshot.png,metal floor deck with concrete slab connection to top of wall facing parallel to metal deck ribs
U:\User Folders\Public\Owen Phipps\Detail Library in progress\drafting view files\walls\PTN-SHF-11-HD-ALT-PERP.rvt,U:\User Folders\Public\Owen Phipps\Detail Library in progress\screenshots\walls\PTN-SHF-11-HD-ALT-PERP_screenshot.png,metal floor deck with concrete slab connection to top of wall facing perpendicular to metal deck ribs
U:\User Folders\Public\Owen Phipps\Detail Library in progress\drafting view files\misc\RECESSED ACCESSORY CABINET IN 6_ STUD WALL.rvt,U:\User Folders\Public\Owen Phipps\Detail Library in progress\screenshots\misc\RECESSED ACCESSORY CABINET IN 6 inch STUD WALL_screenshot.png,"recessed accessory/utility cabinet in 6"" stud wall"
U:\User Folders\Public\Owen Phipps\Detail Library in progress\drafting view files\misc\RECESSED AED CABINET.rvt,U:\User Folders\Public\Owen Phipps\Detail Library in progress\screenshots\misc\RECESSED AED CABINET.png,recessed AED cabinet
U:\User Folders\Public\Owen Phipps\Detail Library in progress\drafting view files\misc\RECESSED FIRE EXTINGUISHER CAB.rvt,U:\User Folders\Public\Owen Phipps\Detail Library in progress\screenshots\misc\RECESSED FIRE EXTINGUISHER CAB. IN 4 inch STUD WALL_screenshot.png,"recessed fire extinguisher cabinet in 4"" stud wall"
U:\User Folders\Public\Owen Phipps\Detail Library in progress\drafting view files\misc\TYPICAL DEVICE MOUNTING DIAGRAMS.rvt,U:\User Folders\Public\Owen Phipps\Detail Library in progress\screenshots\misc\TYPICAL DEVICE MOUTNING DIAGRAMS_screenshot.png,"typical device mounting diagrams (lightswitch, cardreader, thermostat, speaker, phone, AV control panel)"
U:\User Folders\Public\Owen Phipps\Detail Library in progress\drafting view files\walls\TYPICAL WALL CONTROL JOINTS.rvt,U:\User Folders\Public\Owen Phipps\Detail Library in progress\screenshots\walls\TYPICAL WALL CONTROL JOINTS_screenshot.png,typical wall control joints
U:\User Folders\Public\Owen Phipps\Detail Library in progress\drafting view files\walls\1 HR METAL STUD WALL AT METAL DECK.rvt,U:\User Folders\Public\Owen Phipps\Detail Library in progress\screenshots\walls\1 HR FIRE RATED FULL HEIGHT METAL STUD PARTITION WALL AT METAL DECK OPEN FLUTE_screenshot.PNG,typical 1 hour fire rated full height wall with metal studs. Wall to floor connection & wall section
U:\User Folders\Public\Owen Phipps\Detail Library in progress\drafting view files\walls\2 HR METAL STUD WALL AT METAL DECK.rvt,U:\User Folders\Public\Owen Phipps\Detail Library in progress\screenshots\walls\2 HR FIRE RATED FULL HEIGHT METAL STUD PARTITION WALL AT METAL DECK OPEN FLUTE_screenshot.PNG,typical 2 hour fire rated full height wall with metal studs. Wall to floor connection & wall section
U:\User Folders\Public\Owen Phipps\Detail Library in progress\drafting view files\walls\DOUBLE STUD WALL WITH AIR GAP_1 LAYER GYP. BD.EXTERIOR SIDES.rvt,U:\User Folders\Public\Owen Phipps\Detail Library in progress\screenshots\walls\DOUBLE STUD WALL WITH AIR GAP_1 LAYER GYP. BD. EXTERIOR SIDES.PNG,typical 1 hour fire rated full height double stud wall with air gap. Wall section
U:\User Folders\Public\Owen Phipps\Detail Library in progress\drafting view files\walls\DOUBLE STUD WALL WITH AIR GAP_2 LAYERS GYP. BD.EXTERIOR SIDES.rvt,U:\User Folders\Public\Owen Phipps\Detail Library in progress\screenshots\walls\DOUBLE STUD WALL WITH AIR GAP_2 LAYERS GYP. BD. EXTERIOR SIDES.PNG,typical 2 hour fire rated full height double stud wall with air gap. Wall section
U:\User Folders\Public\Owen Phipps\Detail Library in progress\drafting view files\walls\METAL STUD PRODUCT IDENTIFICATION.rvt,U:\User Folders\Public\Owen Phipps\Detail Library in progress\screenshots\walls\METAL STUD PRODUCT IDENTIFICATION.PNG,metal stud product information & indentification. Cutsheet detail
U:\User Folders\Public\Owen Phipps\Detail Library in progress\drafting view files\walls\NR METAL STUD WALL AT METAL DECK.rvt,U:\User Folders\Public\Owen Phipps\Detail Library in progress\screenshots\walls\NON RATED FULL HEIGHT METAL STUD PARTITION WALL AT METAL DECK OPEN FLUTE_screenshot.PNG,typical non fire rated full height wall with metal studs. Wall to floor connection & wall section
U:\User Folders\Public\Owen Phipps\Detail Library in progress\drafting view files\walls\STAGGERED METAL STUD ACOUSTICAL WALL.rvt,U:\User Folders\Public\Owen Phipps\Detail Library in progress\screenshots\walls\STAGGERED METAL STUD ACOUSTIC WALL.PNG,staggered metal stud acoustic wall typical & end condition. Plan & section detail. Wall to floor connection
U:\User Folders\Public\Owen Phipps\Detail Library in progress\drafting view files\walls\TYPICAL WALL CONTROL JOINTS.rvt,U:\User Folders\Public\Owen Phipps\Detail Library in progress\screenshots\walls\TYPICAL WALL CONTROL JOINTS_screenshot.png,typical wall control joints plan detail
U:\User Folders\Public\Owen Phipps\Detail Library in progress\drafting view files\walls\WALL AGAINST BACKUP WALL WITH AIR GAP_1 LAYER GYP. BD.EXTERIOR SIDE.rvt,U:\User Folders\Public\Owen Phipps\Detail Library in progress\screenshots\walls\WALL AGAINST BACKUP WALL WITH AIR GAP_1 LAYER GYP. BD. EXTERIOR SIDE.PNG,typical 1 hour rated full height wall with backup wall & air gap plan detail
U:\User Folders\Public\Owen Phipps\Detail Library in progress\drafting view files\walls\WALL END CONDITION AT WINDOW MULLION PLAN VIEW.rvt,U:\User Folders\Public\Owen Phipps\Detail Library in progress\screenshots\walls\WALL END CONDITION AT WINDOW MULLION PLAN VIEW.PNG,typical wall end condition at window mullion plan details
U:\User Folders\Public\Owen Phipps\Detail Library in progress\drafting view files\walls\WALL FURRING AT EXTERIOR CURTAIN WALL GLAZING.rvt,U:\User Folders\Public\Owen Phipps\Detail Library in progress\screenshots\walls\WALL FURRING AT EXTERIOR CURTAIN WALL GLAZING.PNG,typical wall furring at exterior curtain wall glazing. Spandrel in section. Section detail
U:\User Folders\Public\Owen Phipps\Detail Library in progress\drafting view files\walls\WALL FURRING AT EXTERIOR CURTAIN WALL GLAZING_2.rvt,U:\User Folders\Public\Owen Phipps\Detail Library in progress\screenshots\walls\WALL FURRING AT EXTERIOR CURTAIN WALL GLAZING_2.PNG,typical wall furring at exterior curtain wall glazing. Spandrel in section. Section detail
U:\User Folders\Public\Owen Phipps\Detail Library in progress\drafting view files\walls\WALL SECTION AT T-BAR & GYP. BD.CEILING TRANSITION.rvt,U:\User Folders\Public\Owen Phipps\Detail Library in progress\screenshots\walls\WALL SECTION AT T-BAR & GYP. BD. CEILING TRANSITION.PNG,typical wall to t-bar ceiling connection & wall to gyp. Board ceiling connection. Transition between gyp.board ceiling and t-bar ceiling. Section detail
U:\User Folders\Public\Owen Phipps\Detail Library in progress\drafting view files\walls\WALL THRU T-BAR CEILING AT METAL DECK CONDITION.rvt,U:\User Folders\Public\Owen Phipps\Detail Library in progress\screenshots\walls\WALL THRU T-BAR CEILING AT METAL DECK CONDITION.PNG,typical wall through t-bar ceiling connection with floor structure. Section detail
U:\User Folders\Public\Owen Phipps\Detail Library in progress\drafting view files\walls\WALL_1 LAYER GYP. BD. SIDE 1_2 LAYERS GYP. BD.SIDE 2.rvt,U:\User Folders\Public\Owen Phipps\Detail Library in progress\screenshots\walls\WALL_1 LAYER GYP. BD. SIDE 1_2 LAYERS GYP. BD. SIDE 2.PNG,typical metal stud wall with 1 layer gyp. Board on one side and 2 layers gyp. Board on one side. Plan detail
U:\User Folders\Public\Owen Phipps\Detail Library in progress\drafting view files\walls\WIDE FLANGE COLUMN FURRING (MIN.SIZE NON-RATED).rvt,U:\User Folders\Public\Owen Phipps\Detail Library in progress\screenshots\walls\WIDE FLANGE COLUMN FURRING (MIN. SIZE NON-RATED).PNG,wide flange column with furring & metal stud framing at minimum size. Non fire rated plan detail
U:\User Folders\Public\Owen Phipps\Detail Library in progress\drafting view files\walls\WIDE FLANGE COLUMN FURRING WITH DRAIN PIPES & SPRAY-ON FIREPROOFING.rvt,U:\User Folders\Public\Owen Phipps\Detail Library in progress\screenshots\walls\WIDE FLANGE COLUMN FURRING WITH DRAIN PIPES & SPRAY-ON FIREPROOFING.PNG,wide flange column with furring & drain pipes. Spray-on fireproofing plan detail
U:\User Folders\Public\Owen Phipps\Detail Library in progress\drafting view files\walls\2 HR FIRE RATED SHAFT AT FLOOR & WALL.rvt,U:\User Folders\Public\Owen Phipps\Detail Library in progress\screenshots\walls\2 HR FIRE RATED SHAFT AT DECK & WALL.PNG,typical 2 hour rated shaft connection to floor structure in section & connection to wall in plan
U:\User Folders\Public\Owen Phipps\Detail Library in progress\drafting view files\walls\2 HR FIRE RATED SHAFT CORNER CONDITION WITH LINER.rvt,U:\User Folders\Public\Owen Phipps\Detail Library in progress\screenshots\walls\2 HR FIRE RATED SHAFT CORNER CONDITION WITH LINER.PNG,typical 2 hour fire rated shaft corner condition with shaft liner
U:\User Folders\Public\Owen Phipps\Detail Library in progress\drafting view files\walls\2 HR FIRE RATED SHAFT METAL WITH LINER.rvt,U:\User Folders\Public\Owen Phipps\Detail Library in progress\screenshots\walls\2 HR FIRE RATED SHAFT METAL WITH LINER.PNG,typical 2 hour fire rated metal shaft wall with liner
U:\User Folders\Public\Owen Phipps\Detail Library in progress\drafting view files\walls\2 HR FIRE RATED SHAFT WALL AT FLOOR WITH WIDE FLANGE BEAM IN SECTION.rvt,U:\User Folders\Public\Owen Phipps\Detail Library in progress\screenshots\walls\2 HR FIRE RATED SHAFT WALL TO FLOOR CONNECTION WITH WIDE FLANGE BEAM.PNG,2 hour fire rated shaft connection to floor structure and wide flange beam in section
U:\User Folders\Public\Owen Phipps\Detail Library in progress\drafting view files\doors\90 MINUTE FIRE RATED INTERIOR WOOD DOOR IN 2 HR FIRE RATED WALL.rvt,U:\User Folders\Public\Owen Phipps\Detail Library in progress\screenshots\doors\90 MINUTE FIRE RATED INTERIOR WOOD DOOR IN 2 HR FIRE RATED WALL.PNG,90 minute fire rated wood door framing in plan
U:\User Folders\Public\Owen Phipps\Detail Library in progress\drafting view files\doors\NON FIRE RATED INTERIOR WOOD DOOR IN NON FIRE RATED WALL.rvt,U:\User Folders\Public\Owen Phipps\Detail Library in progress\screenshots\doors\NON FIRE RATED INTERIOR WOOD DOOR IN NON FIRE RATED WALL.PNG,non fire rated wood door framing in plan
U:\User Folders\Public\Owen Phipps\Detail Library in progress\drafting view files\ceiling\(SCHEMATIC) SECTION AT SUSPENDED GYP. BD.rvt,U:\User Folders\Public\Owen Phipps\Detail Library in progress\screenshots\ceiling\(SCHEMATIC) SECTION AT SUSPENDED GYP. BD. CEILING SOFFIT TRANSITION_screenshot.png,"stepped gyp. board soffit ceiling transition, metal stud framing, & connection to floor deck/structure above. Detail in section"
U:\User Folders\Public\Owen Phipps\Detail Library in progress\drafting view files\ceiling\24X48 INCH T-BAR CEILING CONNECTION TO FLOOR STRUCTURE.rvt,U:\User Folders\Public\Owen Phipps\Detail Library in progress\screenshots\ceiling\24X48 INCH T-BAR CEILING CONNECTION TO FLOOR STRUCTURE.PNG,"24"" x 48"" t-bar ceiling connection to wood joist floor & steel deck floor. Detail in section and isometric"
U:\User Folders\Public\Owen Phipps\Detail Library in progress\drafting view files\ceiling\24X48 INCH T-BAR CEILING LAYOUT IN PLAN.rvt,U:\User Folders\Public\Owen Phipps\Detail Library in progress\screenshots\ceiling\24X48 INCH T-BAR CEILING LAYOUT IN PLAN.PNG,"24"" x 48"" t-bar ceiling layout in plan, compression strut, & connection to wall. RCP detail"
U:\User Folders\Public\Owen Phipps\Detail Library in progress\drafting view files\ceiling\DOUBLE ROLLER SHADE SOFFIT AT EXTERIOR WALL IN SECTION.rvt,U:\User Folders\Public\Owen Phipps\Detail Library in progress\screenshots\ceiling\DOUBLE ROLLER SHADE SOFFIT AT EXTERIOR WALL IN SECTION.PNG,double roller shade soffit at exterior wall. Detail in section
U:\User Folders\Public\Owen Phipps\Detail Library in progress\drafting view files\ceiling\GYP.BOARD SOFFIT & T-BAR CEILING FLUSH TRANSITION IN SECTION.rvt,U:\User Folders\Public\Owen Phipps\Detail Library in progress\screenshots\ceiling\GYP. BOARD SOFFIT & T-BAR CEILING FLUSH TRANSITION IN SECTION.PNG,gyp. board soffit & t-bar ceiling flush transition. Detail in section
U:\User Folders\Public\Owen Phipps\Detail Library in progress\drafting view files\ceiling\OVERHEAD SPRINKLER LAYOUT T-BAR CEILING RCP.rvt,U:\User Folders\Public\Owen Phipps\Detail Library in progress\screenshots\ceiling\OVERHEAD SPRINKLER LAYOUT T-BAR CEILING RCP.PNG,overhead sprinkler layout t-bar ceiling. RCP detail
U:\User Folders\Public\Owen Phipps\Detail Library in progress\drafting view files\ceiling\ROLLER SHADE SOFFIT AT EXTERIOR WALL IN SECTION.rvt,U:\User Folders\Public\Owen Phipps\Detail Library in progress\screenshots\ceiling\ROLLER SHADE SOFFIT AT EXTERIOR WALL IN SECTION.PNG,roller shade soffit at exterior wall. Detail in section
U:\User Folders\Public\Owen Phipps\Detail Library in progress\drafting view files\ceiling\SOFFIT BRACING & CONNECTION TO FLOOR STRUCTURE.rvt,U:\User Folders\Public\Owen Phipps\Detail Library in progress\screenshots\ceiling\SOFFIT BRACING & CONNECTION TO FLOOR STRUCTURE.PNG,soffit bracing & connection to floor structure. Detail in section
"U:\User Folders\Public\Owen Phipps\Detail Library in progress\drafting view files\ceiling\SOFFIT BRACING, CONNECTION TO FLOOR STRUCTURE, & HEIGHT TRANSITION IN SECTION.rvt","U:\User Folders\Public\Owen Phipps\Detail Library in progress\screenshots\ceiling\SOFFIT BRACING, CONNECTION TO FLOOR STRUCTURE, & HEIGHT TRANSITION IN SECTION.PNG","soffit bracing, connection to floor structure, & ceiling height transition. Detail in section"
U:\User Folders\Public\Owen Phipps\Detail Library in progress\drafting view files\ceiling\T-BAR CEILING COMPRESSION STRUT TABLE & ISOMETRIC DIAGRAM.rvt,U:\User Folders\Public\Owen Phipps\Detail Library in progress\screenshots\ceiling\T-BAR CEILING COMPRESSION STRUT TABLE & ISOMETRIC DIAGRAM.PNG,t-bar ceiling compression strut table & isometric diagram. Detail in isometric
U:\User Folders\Public\Owen Phipps\Detail Library in progress\drafting view files\ceiling\T-BAR CEILING CONNECTION TO FLOOR STRUCTURE & WALL IN SECTION.rvt,U:\User Folders\Public\Owen Phipps\Detail Library in progress\screenshots\ceiling\T-BAR CEILING CONNECTION TO FLOOR STRUCTURE & WALL IN SECTION.PNG,t-bar ceiling connection to floor structure & wall. Detail in section
U:\User Folders\Public\Owen Phipps\Detail Library in progress\drafting view files\ceiling\T-BAR CEILING CONNECTIONS WITH 2 INCH CLIPS.rvt,U:\User Folders\Public\Owen Phipps\Detail Library in progress\screenshots\ceiling\T-BAR CEILING CONNECTIONS WITH 2 INCH CLIPS.PNG,"t-bar ceiling stick built connections detail using 2"" clips. Detail in isometric"
U:\User Folders\Public\Owen Phipps\Detail Library in progress\drafting view files\ceiling\T-BAR CEILING EDGE TRIM AT OPEN CEILING IN SECTION.rvt,U:\User Folders\Public\Owen Phipps\Detail Library in progress\screenshots\ceiling\T-BAR CEILING EDGE TRIM AT OPEN CEILING IN SECTION.PNG,t-bar ceiling edge trim at open ceiling. Detail in section
U:\User Folders\Public\Owen Phipps\Detail Library in progress\drafting view files\floors\2 HR RATE FLOOR WITH FURRED WIDE FLANGE BEAM.rvt,U:\User Folders\Public\Owen Phipps\Detail Library in progress\screenshots\floors\2 HR RATE FLOOR WITH FURRED WIDE FLANGE BEAM.PNG,2 hour fire rated floor with furred wide flange beam. Detail in section
U:\User Folders\Public\Owen Phipps\Detail Library in progress\drafting view files\floors\WIDE FLANGE BEAM CONNECTION TO METAL FLOOR DECK WITH SPRAY-ON FIREPROOFING.rvt,U:\User Folders\Public\Owen Phipps\Detail Library in progress\screenshots\floors\WIDE FLANGE BEAM CONNECTION TO METAL FLOOR DECK WITH SPRAY-ON FIREPROOFING.PNG,wide flange beam connection to metal floor deck with spray-on fireproofing. Detail in section
U:\User Folders\Public\Owen Phipps\Detail Library in progress\drafting view files\misc\OUTLET RECESSED AT ACOUSTIC WALL.rvt,U:\User Folders\Public\Owen Phipps\Detail Library in progress\screenshots\misc\OUTLET RECESSED AT ACOUSTIC WALL.PNG,electrical outlet recessed at acoustic wall. Detail in plan
U:\User Folders\Public\Owen Phipps\Detail Library in progress\drafting view files\misc\RECESSED FIRE EXTINGUISHER CABINET IN 6 INCH METAL STUD WALL.rvt,U:\User Folders\Public\Owen Phipps\Detail Library in progress\screenshots\misc\RECESSED FIRE EXTINGUISHER CABINET IN 6 INCH METAL STUD WALL.PNG,"recessed fire extinguisher cabinet in 6"" metal stud wall. Detail in plan"
U:\User Folders\Public\Owen Phipps\Detail Library in progress\drafting view files\finishes\CORNER GUARD.rvt,U:\User Folders\Public\Owen Phipps\Detail Library in progress\screenshots\finishes\CORNER GUARD.PNG,wall corner guard detail in plan
U:\User Folders\Public\Owen Phipps\Detail Library in progress\drafting view files\finishes\GYP.BOARD PENETRATION - UL CLIV.rvt,U:\User Folders\Public\Owen Phipps\Detail Library in progress\screenshots\finishes\GYP. BOARD PENETRATION - UL CLIV.PNG,gyp. board penetration - System number UL CLIV
U:\User Folders\Public\Owen Phipps\Detail Library in progress\drafting view files\finishes\GYP.BOARD PENETRATION - WL0011.rvt,U:\User Folders\Public\Owen Phipps\Detail Library in progress\screenshots\finishes\GYP. BOARD PENETRATION - WL0011.PNG,gyp. board penetration - System number WL0011
U:\User Folders\Public\Owen Phipps\Detail Library in progress\drafting view files\finishes\GYP.BOARD PENETRATION - WL1133.rvt,U:\User Folders\Public\Owen Phipps\Detail Library in progress\screenshots\finishes\GYP. BOARD PENETRATION - WL1133.PNG,gyp. board penetration - System number WL1133
U:\User Folders\Public\Owen Phipps\Detail Library in progress\drafting view files\finishes\GYP.BOARD PENETRATION - WL1255.rvt,U:\User Folders\Public\Owen Phipps\Detail Library in progress\screenshots\finishes\GYP. BOARD PENETRATION - WL1255.PNG,gyp. board penetration - System number WL1255
U:\User Folders\Public\Owen Phipps\Detail Library in progress\drafting view files\finishes\GYP.BOARD PENETRATION - WL1296.rvt,U:\User Folders\Public\Owen Phipps\Detail Library in progress\screenshots\finishes\GYP. BOARD PENETRATION - WL1296.PNG,gyp. board penetration - System number WL1296
U:\User Folders\Public\Owen Phipps\Detail Library in progress\drafting view files\finishes\GYP.BOARD PENETRATION - WL1299.rvt,U:\User Folders\Public\Owen Phipps\Detail Library in progress\screenshots\finishes\GYP. BOARD PENETRATION - WL1299.PNG,gyp. board penetration - System number WL1299
U:\User Folders\Public\Owen Phipps\Detail Library in progress\drafting view files\finishes\GYP.BOARD PENETRATION - WL1340.rvt,U:\User Folders\Public\Owen Phipps\Detail Library in progress\screenshots\finishes\GYP. BOARD PENETRATION - WL1340.PNG,gyp. board penetration - System number WL1340
U:\User Folders\Public\Owen Phipps\Detail Library in progress\drafting view files\finishes\GYP.BOARD PENETRATION - WL2264.rvt,U:\User Folders\Public\Owen Phipps\Detail Library in progress\screenshots\finishes\GYP. BOARD PENETRATION - WL2264.PNG,gyp. board penetration - System number WL2264
U:\User Folders\Public\Owen Phipps\Detail Library in progress\drafting view files\finishes\GYP.BOARD PENETRATION - WL3195.rvt,U:\User Folders\Public\Owen Phipps\Detail Library in progress\screenshots\finishes\GYP. BOARD PENETRATION - WL3195.PNG,gyp. board penetration - System number WL3195
U:\User Folders\Public\Owen Phipps\Detail Library in progress\drafting view files\finishes\GYP.BOARD PENETRATION - WL4037.rvt,U:\User Folders\Public\Owen Phipps\Detail Library in progress\screenshots\finishes\GYP. BOARD PENETRATION - WL4037.PNG,gyp. board penetration - System number WL4037
U:\User Folders\Public\Owen Phipps\Detail Library in progress\drafting view files\finishes\GYP.BOARD PENETRATION - WL4052.rvt,U:\User Folders\Public\Owen Phipps\Detail Library in progress\screenshots\finishes\GYP. BOARD PENETRATION - WL4052.PNG,gyp. board penetration - System number WL4052
U:\User Folders\Public\Owen Phipps\Detail Library in progress\drafting view files\finishes\GYP.BOARD PENETRATION - WL5168.rvt,U:\User Folders\Public\Owen Phipps\Detail Library in progress\screenshots\finishes\GYP. BOARD PENETRATION - WL5168.PNG,gyp. board penetration - System number WL5168
U:\User Folders\Public\Owen Phipps\Detail Library in progress\drafting view files\finishes\GYP.BOARD PENETRATION - WL5169.rvt,U:\User Folders\Public\Owen Phipps\Detail Library in progress\screenshots\finishes\GYP. BOARD PENETRATION - WL5169.PNG,gyp. board penetration - System number WL5169
U:\User Folders\Public\Owen Phipps\Detail Library in progress\drafting view files\finishes\GYP.BOARD PENETRATION - WL7045.rvt,U:\User Folders\Public\Owen Phipps\Detail Library in progress\screenshots\finishes\GYP. BOARD PENETRATION - WL7045.PNG,gyp. board penetration - System number WL7045
U:\User Folders\Public\Owen Phipps\Detail Library in progress\drafting view files\finishes\GYP.BOARD PENETRATION - WL7051.rvt,U:\User Folders\Public\Owen Phipps\Detail Library in progress\screenshots\finishes\GYP. BOARD PENETRATION - WL7051.PNG,gyp. board penetration - System number WL7051
U:\User Folders\Public\Owen Phipps\Detail Library in progress\drafting view files\finishes\GYP.BOARD PENETRATION - WL8039.rvt,U:\User Folders\Public\Owen Phipps\Detail Library in progress\screenshots\finishes\GYP. BOARD PENETRATION - WL8039.PNG,gyp. board penetration - System number WL8039
U:\User Folders\Public\Owen Phipps\Detail Library in progress\drafting view files\finishes\GYP.BOARD PENETRATION - WL8077.rvt,U:\User Folders\Public\Owen Phipps\Detail Library in progress\screenshots\finishes\GYP. BOARD PENETRATION - WL8077.PNG,gyp. board penetration - System number WL8077
U:\User Folders\Public\Owen Phipps\Detail Library in progress\drafting view files\finishes\RESILIENT BASE TO CONCRETE TRANSITION.rvt,U:\User Folders\Public\Owen Phipps\Detail Library in progress\screenshots\finishes\RESILIENT BASE TO CONCRETE TRANSITION.PNG,resilient base board to concrete flooring transtion detail in section
U:\User Folders\Public\Owen Phipps\Detail Library in progress\drafting view files\finishes\RESILIENT BASE TO RESILIENT FLOORING TRANSITION.rvt,U:\User Folders\Public\Owen Phipps\Detail Library in progress\screenshots\finishes\RESILIENT BASE TO RESILIENT FLOORING TRANSITION.PNG,resilient base board to resilient flooring transition detail in section
U:\User Folders\Public\Owen Phipps\Detail Library in progress\drafting view files\finishes\STRAIGHT BASE TO CARPET TRANSITION.rvt,U:\User Folders\Public\Owen Phipps\Detail Library in progress\screenshots\finishes\STRAIGHT BASE TO CARPET TRANSITION.PNG,straight base board to carpet flooring transition detail in section
U:\User Folders\Public\Owen Phipps\Detail Library in progress\drafting view files\millwork\ADA ACCESSIBLE SINK CABINET WITH REMOVABLE APRON & GARBAGE DISPOSAL IN SECTION.rvt,U:\User Folders\Public\Owen Phipps\Detail Library in progress\screenshots\millwork\ADA ACCESSIBLE SINK CABINET WITH REMOVABLE APRON & GARBAGE DISPOSAL IN SECTION.PNG,ADA accessible sink with removable apron & garbage disposal detail in section
U:\User Folders\Public\Owen Phipps\Detail Library in progress\drafting view files\millwork\BASE CABINET NO SHELF WITH TOE KICK.rvt,U:\User Folders\Public\Owen Phipps\Detail Library in progress\screenshots\millwork\BASE CABINET NO SHELF WITH TOE KICK.PNG,base cabinet with toe kick and no shelving detail in section
U:\User Folders\Public\Owen Phipps\Detail Library in progress\drafting view files\millwork\BASE COUNTERTOP OPEN BELOW.rvt,U:\User Folders\Public\Owen Phipps\Detail Library in progress\screenshots\millwork\BASE COUNTERTOP OPEN BELOW.PNG,base countertop open below detail in section
U:\User Folders\Public\Owen Phipps\Detail Library in progress\drafting view files\millwork\BASE COUNTERTOP WITH APPLIANCE BELOW.rvt,U:\User Folders\Public\Owen Phipps\Detail Library in progress\screenshots\millwork\BASE COUNTERTOP WITH APPLIANCE BELOW.PNG,base countertop with appliance below detail in section
U:\User Folders\Public\Owen Phipps\Detail Library in progress\drafting view files\millwork\BASE COUNTERTOP WITH FILLER PANEL.rvt,U:\User Folders\Public\Owen Phipps\Detail Library in progress\screenshots\millwork\BASE COUNTERTOP WITH FILLER PANEL.PNG,base countertop with filler panel detail in section
U:\User Folders\Public\Owen Phipps\Detail Library in progress\drafting view files\millwork\BASE COUNTERTOP WITH PAPER TOWEL DISPENSER & FILLER PANEL.rvt,U:\User Folders\Public\Owen Phipps\Detail Library in progress\screenshots\millwork\BASE COUNTERTOP WITH PAPER TOWEL DISPENSER & FILLER PANEL.PNG,base countertop with paper towel dispenser & filler panel detail in section
U:\User Folders\Public\Owen Phipps\Detail Library in progress\drafting view files\millwork\BASE COUNTERTOP WITH UNDERCOUNTER REFRIGERATOR.rvt,U:\User Folders\Public\Owen Phipps\Detail Library in progress\screenshots\millwork\BASE COUNTERTOP WITH UNDERCOUNTER REFRIGERATOR.PNG,base countertop with undercounter refrigerator detail in section
U:\User Folders\Public\Owen Phipps\Detail Library in progress\drafting view files\millwork\BASE DRAWERS - 4 DRAWERS.rvt,U:\User Folders\Public\Owen Phipps\Detail Library in progress\screenshots\millwork\BASE DRAWERS - 4 DRAWERS.PNG,base drawers with 4 equisized drawers detail in section
U:\User Folders\Public\Owen Phipps\Detail Library in progress\drafting view files\millwork\BASE DRAWERS WITH PAPER TOWEL DISPENSER.rvt,U:\User Folders\Public\Owen Phipps\Detail Library in progress\screenshots\millwork\BASE DRAWERS WITH PAPER TOWEL DISPENSOR.PNG,base drawers with paper towel dispenser detail in section
U:\User Folders\Public\Owen Phipps\Detail Library in progress\drafting view files\millwork\LOWER RECYCLE OR TRASH PULL WITH TOE KICK IN SECTION.rvt,U:\User Folders\Public\Owen Phipps\Detail Library in progress\screenshots\millwork\LOWER RECYCLE OR TRASH PULL WITH TOE KICK IN SECTION.PNG,base countertop with recycle or trash pull & toe kick detail in section
U:\User Folders\Public\Owen Phipps\Detail Library in progress\drafting view files\millwork\RECESSED STAINLESS STEEL TRASH ICON.rvt,U:\User Folders\Public\Owen Phipps\Detail Library in progress\screenshots\millwork\RECESSED STAINLESS STEEL TRASH ICON.PNG,recessed stainless steel trash icon detail in elevation
"U:\User Folders\Public\Owen Phipps\Detail Library in progress\drafting view files\millwork\SINK CABINET WITH TOE KICK, REMOVABLE APRON, & GARBAGE DISPOSAL IN SECTION.rvt","U:\User Folders\Public\Owen Phipps\Detail Library in progress\screenshots\millwork\SINK CABINET WITH TOE KICK, REMOVABLE APRON, & GARBAGE DISPOSAL IN SECTION.PNG",base sink cabinet with shelf & toe kick detail in section
U:\User Folders\Public\Owen Phipps\Detail Library in progress\drafting view files\millwork\TYPICAL BASE CABINET WITH SHELF AND TOE KICK.rvt,U:\User Folders\Public\Owen Phipps\Detail Library in progress\screenshots\millwork\TYPICAL BASE CABINET WITH SHELF AND TOE KICK.PNG,typical base cabinet with shelf & toe kick detail in section
U:\User Folders\Public\Owen Phipps\Detail Library in progress\drafting view files\millwork\TYPICAL MILLWORK PULLS IN ELEVATION.rvt,U:\User Folders\Public\Owen Phipps\Detail Library in progress\screenshots\millwork\TYPICAL MILLWORK PULLS IN ELEVATION.PNG,typical millwork pulls detail in elevation
U:\User Folders\Public\Owen Phipps\Detail Library in progress\drafting view files\millwork\UPPER CABINET UNDER SOFFIT WITH UNDERCABINET LIGHTING.rvt,U:\User Folders\Public\Owen Phipps\Detail Library in progress\screenshots\millwork\UPPER CABINET UNDER SOFFIT WITH UNDERCABINET LIGHTING.PNG,wall cabinet under soffit with undercabinet lighting detail in section
U:\User Folders\Public\Owen Phipps\Detail Library in progress\drafting view files\millwork\UPPER OPEN SHELVING WITH UNDERCABINET LIGHTING.rvt,U:\User Folders\Public\Owen Phipps\Detail Library in progress\screenshots\millwork\UPPER OPEN SHELVING WITH UNDERCABINET LIGHTING.PNG,wall cabinet with open shelving & undercabinet lighting
U:\User Folders\Public\Owen Phipps\Detail Library in progress\drafting view files\millwork\UPPER STATIONARY PANEL WITH UNDERCABINET LIGHTING.rvt,U:\User Folders\Public\Owen Phipps\Detail Library in progress\screenshots\millwork\UPPER STATIONARY PANEL WITH UNDERCABINET LIGHTING.PNG,wall cabinet with stationary filler panel & undercabinet lighting
